time,real,ma_pred,lr_pred,lstm_pred,ma_error,lr_error,lstm_error,ma_accuracy,lr_accuracy,lstm_accuracy
2026-04-19 19:00:00,18.854666666666667,18.74982098765432,18.6428810981001,18.919090537245072,0.5560728326091471,1.1232527856935433,0.34168660585392907,99.44392716739085,98.87674721430646,99.65831339414608
2026-04-19 19:30:00,18.986979000954502,18.747759259259258,18.573980780292622,18.942686602525413,1.2599147114620934,2.17516552075566,0.23327775538627094,98.74008528853791,97.82483447924434,99.76672224461373
2026-04-19 20:00:00,19.00511111111111,18.843826333651503,18.820748466464277,18.940973827766875,0.8486389609441064,0.9700687544996601,0.33747386673649526,99.1513610390559,99.02993124550034,99.6625261332635
2026-04-19 20:30:00,19.418833333333335,18.94891892624409,19.114965533909096,18.955736160479486,2.4198900058667023,1.564809760752392,2.3847837040700166,97.5801099941333,98.4351902392476,97.61521629592998
2026-04-19 21:00:00,19.7805,19.13697448179965,19.927553598982556,18.988906509866315,3.2533329197965104,0.7434271074166763,4.001888173371175,96.7466670802035,99.25657289258332,95.99811182662883
2026-04-19 21:30:00,19.813055555555554,19.401481481481483,20.074911249722632,19.09126103161772,2.077287235782602,1.3216320593905275,3.643024781886529,97.9227127642174,98.67836794060948,96.35697521811348
2026-04-19 22:00:00,19.906111111111112,19.6707962962963,19.890320881503108,19.183853440738385,1.1821234871107826,0.07932352793505133,3.6283213046549316,98.81787651288921,99.92067647206495,96.37167869534507
2026-04-19 22:30:00,20.06066666666667,19.833222222222222,20.089885340564305,19.381389230138726,1.133783080212261,0.14565155975691121,3.3861159642149317,98.86621691978775,99.85434844024309,96.61388403578506
2026-04-19 23:00:00,20.1055,19.92661111111111,20.183379488596117,19.578636575728655,0.8897510078778863,0.3873541498401811,2.6204940154253507,99.11024899212211,99.61264585015982,97.37950598457465
2026-04-19 23:30:00,20.10788888888889,20.02409259259259,19.998198217075164,19.730529940009117,0.4167334361122452,0.5455106322690058,1.8766711461604153,99.58326656388776,99.454489367731,98.12332885383958
2026-04-20 00:00:00,20.251944444444444,20.091351851851854,19.91469337850661,19.7755413310296,0.7929736970843984,1.6652774594705662,2.352382087170554,99.20702630291561,98.33472254052944,97.64761791282945
2026-04-20 00:30:00,20.398222222222223,20.15511111111111,20.16941256261036,19.85637927933534,1.191824995642327,1.121713731320136,2.6563243452490175,98.80817500435768,98.87828626867986,97.34367565475098
2026-04-20 01:00:00,20.500833333333333,20.252685185185186,20.274315464941637,20.074386649873524,1.210429567000431,1.1049202962076132,2.080143165528921,98.78957043299957,98.89507970379239,97.91985683447108
2026-04-20 01:30:00,20.503222222222224,20.383666666666667,20.41179717161734,20.20065539338191,0.5831061784326662,0.44590576843962054,1.475703796998202,99.41689382156733,99.55409423156038,98.5242962030018
2026-04-20 02:00:00,20.490333333333332,20.467425925925927,20.420730478088345,20.253398449665973,0.11179616765989947,0.33968630042615594,1.156325179356247,99.8882038323401,99.66031369957385,98.84367482064376
2026-04-20 02:30:00,20.135,20.498129629629627,20.4439237952005,20.382721233864626,1.8034746939638715,1.534262702758874,1.2303016332983558,98.19652530603612,98.46573729724112,98.76969836670165
2026-04-20 03:00:00,19.945833333333333,20.37618518518519,19.845469357809833,20.35760011690524,2.157602766752571,0.5031826639991642,2.0644250690883115,97.84239723324742,99.49681733600083,97.93557493091168
2026-04-20 03:30:00,19.827328499721137,20.190388888888886,19.836343267154895,20.23482672006223,1.831110979842069,0.04546637452385349,2.0552351283574315,98.16888902015793,99.95453362547615,97.94476487164256
2026-04-20 04:00:00,19.890555555555554,19.96938727768482,19.604638672571703,20.121230615231728,0.39632740226427526,1.4374504632878056,1.1597215524316722,99.60367259773572,98.5625495367122,98.84027844756832
2026-04-20 04:30:00,20.00011111111111,19.88790579620334,19.734336846763593,20.01884361057149,0.5610234577418558,1.3288639391601438,0.09366197695758648,99.43897654225815,98.67113606083986,99.90633802304241
2026-04-20 05:00:00,20.027833333333334,19.905998388795933,19.919679267667355,19.956946960512134,0.6083281327023273,0.5400188021635473,0.35393929858213724,99.39167186729767,99.45998119783646,99.64606070141787
2026-04-20 05:30:00,20.103444444444445,19.97283333333333,19.967925888665206,19.902551614738172,0.6496951876682464,0.6741061520762887,0.9992955697787874,99.35030481233176,99.32589384792371,99.00070443022122
2026-04-20 06:00:00,20.133722222222225,20.043796296296296,20.145229411952,20.003751290288236,0.44664332274672375,0.05715381191199862,0.645538517416003,99.55335667725328,99.942846188088,99.354461482584
2026-04-20 06:30:00,20.121222222222226,20.088333333333335,20.120473193612547,19.99296178152495,0.16345373320596862,0.0037225800769285214,0.6374386172010074,99.83654626679403,99.99627741992308,99.36256138279899
2026-04-20 07:00:00,20.10077777777778,20.119462962962967,20.085924428591568,19.99294837881128,0.0929575232946703,0.07389440025864093,0.5364439135569548,99.90704247670533,99.92610559974136,99.46355608644305
2026-04-20 07:30:00,20.010833333333334,20.118574074074075,20.077811620299055,20.056495940552818,0.5384120638357957,0.3347101335062899,0.22818943348761256,99.46158793616421,99.66528986649371,99.77181056651239
2026-04-20 08:00:00,19.8325,20.077611111111114,19.93581453847828,20.022388087905117,1.2359062705716102,0.5209355274336562,0.9574591599905089,98.7640937294284,99.47906447256635,99.0425408400095
2026-04-20 08:30:00,19.62216666666667,19.98137037037037,19.726729326132812,19.969546484139233,1.8306016343949565,0.5328802942224025,1.7703438329401153,98.16939836560505,99.46711970577759,98.22965616705989
2026-04-20 09:00:00,19.38531944444444,19.821833333333334,19.521185945564405,19.895515190061598,2.25177557759561,0.7008731607923065,2.631866588937598,97.74822442240439,99.29912683920769,97.3681334110624
2026-04-20 09:30:00,19.277166666666666,19.613328703703704,19.259352600505476,19.95292355233762,1.7438352992938357,0.09241018905539294,3.5054782549525085,98.25616470070617,99.9075898109446,96.49452174504749
2026-04-20 10:00:00,19.22833333333333,19.428217592592592,19.231236020533682,19.654095459408232,1.0395298219255973,0.015095885587330769,2.2142435264361646,98.9604701780744,99.98490411441267,97.78575647356384
2026-04-20 10:30:00,19.4325,19.296939814814813,19.185588970965703,19.617898188551266,0.6975951894258998,1.2706086660712594,0.9540624652065588,99.3024048105741,98.72939133392875,99.04593753479344
2026-04-20 11:00:00,19.701777777777775,19.31266666666667,19.555621768259865,19.438389429405333,1.975005075684063,0.741841732083504,1.3368760491732106,98.02499492431593,99.2581582679165,98.66312395082679
2026-04-20 11:30:00,19.80033333333333,19.4542037037037,19.828689229778437,19.52199009891351,1.7481000132807345,0.14320918727852758,1.4057502453821746,98.25189998671927,99.85679081272147,98.59424975461782
2026-04-20 12:00:00,19.80033333333333,19.64487037037037,19.828405380323858,19.541243745618395,0.7851532615425377,0.14177562830858184,1.3085112424787584,99.21484673845747,99.85822437169142,98.69148875752124
2026-04-20 12:30:00,19.897277777777777,19.76748148148148,19.857064690520364,19.630634225302273,0.6523319307591969,0.20210346212447833,1.3401006683100334,99.3476680692408,99.79789653787552,98.65989933168997
2026-04-20 13:00:00,20.0,19.83264814814815,19.99996511421586,19.740060681058303,0.8367592592592565,0.00017442892069396976,1.299696594708486,99.16324074074075,99.9998255710793,98.70030340529152
2026-04-20 13:30:00,20.003166666666665,19.8992037037037,20.014302453031544,19.783298808134266,0.5197325238318785,0.05567011738913893,1.0991652581627893,99.48026747616812,99.94432988261086,98.90083474183722
2026-04-20 14:00:00,20.0075,19.966814814814814,19.959977339767732,19.844267536444796,0.20334966979975588,0.23752422957524832,0.8158563716366554,99.79665033020025,99.76247577042476,99.18414362836334
2026-04-20 14:30:00,20.070222222222224,20.003555555555554,20.01781019652011,19.93553126153681,0.3321670578856625,0.26114322562947373,0.6710985020199813,99.66783294211434,99.73885677437053,99.32890149798001
2026-04-20 15:00:00,20.076166666666666,20.026962962962966,20.088935383400447,19.895512704074385,0.24508515256249164,0.06360136845736374,0.8998429112078882,99.7549148474375,99.93639863154263,99.10015708879212
2026-04-20 15:30:00,20.101444444444446,20.051296296296297,20.021761536757758,19.97205257542266,0.2494753463451208,0.3964038898145499,0.6436943841493374,99.75052465365488,99.60359611018545,99.35630561585066
2026-04-20 16:00:00,20.10077777777778,20.082611111111113,20.093230816784928,20.022286054342985,0.09037792899113466,0.03754561677307132,0.39049097653111786,99.90962207100887,99.96245438322693,99.60950902346889
2026-04-20 16:30:00,20.102333333333334,20.092796296296296,20.069230439582643,20.02048479447762,0.047442438043866705,0.16467189754435183,0.407159395372243,99.95255756195613,99.83532810245565,99.59284060462775
2026-04-20 17:00:00,20.162,20.10151851851852,20.069975817056132,20.01867780603303,0.29997758893700044,0.4564238812809573,0.7108530600484575,99.700022411063,99.54357611871905,99.28914693995154
2026-04-20 17:30:00,20.51188888888889,20.121703703703705,20.16670646930138,20.042423847804468,1.9022391711401336,1.6828407245053447,2.2887460225017486,98.09776082885986,98.31715927549466,97.71125397749825
2026-04-20 18:00:00,20.552055555555558,20.25874074074074,20.676871201376205,20.168060343762242,1.4271799432516092,0.6073146575691643,1.868402947604507,98.57282005674838,99.39268534243084,98.13159705239549
2026-04-20 18:30:00,20.43627777777778,20.40864814814815,20.42602716226418,20.237658839596644,0.13519893363200247,0.050158916535891045,0.9718939052448715,99.864801066368,99.94984108346411,99.02810609475513
2026-04-20 19:00:00,20.063388888888888,20.500074074074075,20.365552817117702,20.217174103895825,2.176527542797236,1.506046311030503,0.766496706307198,97.82347245720277,98.4939536889695,99.2335032936928
2026-04-20 19:30:00,19.680833333333332,20.350574074074075,19.892117522854196,20.211946695751617,3.403010072781856,1.073553065270935,2.698632488893349,96.59698992721815,98.92644693472907,97.30136751110665
2026-04-20 20:00:00,19.71611111111111,20.060166666666667,19.476270385061653,20.077428540494708,1.745047761278146,1.2164707568233095,1.8325998841626259,98.25495223872186,98.78352924317669,98.16740011583738
2026-04-20 20:30:00,19.9915,19.82011111111111,19.788297978711196,19.931818223635357,0.8573088006847317,1.0164420943341061,0.2985357595210031,99.14269119931527,98.98355790566589,99.701464240479
2026-04-20 21:00:00,19.96611111111111,19.79614814814815,20.06775804494152,19.91050500562456,0.8512572228869272,0.5090973062543098,0.27850243433537486,99.14874277711307,99.4909026937457,99.72149756566462
2026-04-20 21:30:00,19.876055555555556,19.891240740740738,19.792735448575392,19.893254281255935,0.07639938992290263,0.41919840054419194,0.08652987335594002,99.9236006100771,99.58080159945581,99.91347012664406
2026-04-20 22:00:00,19.802333333333337,19.944555555555553,19.863785859887376,19.84931796852748,0.7182094141543051,0.3103297248844681,0.23726817644794088,99.2817905858457,99.68967027511553,99.76273182355206
2026-04-20 22:30:00,19.80077777777778,19.881500000000003,19.81064295602312,19.79596122143004,0.40767197697061236,0.049822175452184536,0.024325086629390705,99.59232802302938,99.95017782454782,99.97567491337061
2026-04-20 23:00:00,19.800666666666668,19.82638888888889,19.811887494076924,19.83221298334334,0.12990583930955737,0.056668937461309306,0.15931946740852754,99.87009416069044,99.94333106253869,99.84068053259148
2026-04-20 23:30:00,19.770444444444447,19.801259259259265,19.7829281720408,19.828767855538263,0.1558630353576942,0.06314338370811012,0.295003034745663,99.8441369646423,99.93685661629189,99.70499696525434
2026-04-21 00:00:00,19.672666666666668,19.79062962962963,19.745888463592507,19.80313618458642,0.5996287385016251,0.37220066891036274,0.663201995593309,99.40037126149838,99.62779933108963,99.33679800440669
2026-04-21 00:30:00,19.600333333333335,19.747925925925927,19.62913974342237,19.770247745619884,0.7530106252917027,0.14696898057364305,0.8668955236469534,99.24698937470829,99.85303101942635,99.13310447635304
2026-04-21 01:00:00,19.516499999999997,19.68114814814815,19.60005709442258,19.726790718343526,0.8436356321479415,0.42813565148763516,1.0775022075860385,99.15636436785206,99.57186434851236,98.92249779241396
2026-04-21 01:30:00,19.43027777777778,19.596500000000002,19.495686202571935,19.671902655336595,0.8554804214499229,0.336631444708237,1.2435482411639045,99.14451957855007,99.66336855529177,98.75645175883609
2026-04-21 02:00:00,19.3625,19.515703703703704,19.414873293585288,19.612703132205542,0.7912392702579876,0.2704882819123924,1.2922046853740041,99.20876072974201,99.72951171808761,98.707795314626
2026-04-21 02:30:00,19.28088888888889,19.436425925925928,19.367911720225987,19.584088802840977,0.8066901787223684,0.4513424242968754,1.5725411608321402,99.19330982127764,99.54865757570312,98.42745883916785
2026-04-21 03:00:00,19.179333333333336,19.35788888888889,19.275782111676357,19.491691269848083,0.9309789472464528,0.5028786802270888,1.6286172782235062,99.06902105275354,99.49712131977292,98.3713827217765
2026-04-21 03:30:00,19.12,19.27424074074074,19.174217484099206,19.476498431603115,0.8066984348365039,0.2835642473807776,1.864531546041393,99.1933015651635,99.71643575261922,98.13546845395861
2026-04-21 04:00:00,19.212611111111112,19.19340740740741,19.15531437354852,19.361023048798245,0.09995363770516617,0.29822462564422275,0.772471460692308,99.90004636229483,99.70177537435578,99.2275285393077
2026-04-21 04:30:00,19.392166666666665,19.17064814814815,19.33069238780447,19.35358457854059,1.1423092753182895,0.3170057266879034,0.19895707782046074,98.85769072468172,99.68299427331209,99.80104292217953
2026-04-21 05:00:00,19.52166666666667,19.241592592592593,19.51083846286375,19.37897932619519,1.4346832104878802,0.055467619582956484,0.7309178202244293,98.56531678951212,99.94453238041704,99.26908217977557
2026-04-21 05:30:00,19.681944444444444,19.375481481481483,19.589597872258516,19.420103971534306,1.5570766589043237,0.4691943544835804,1.3303587643447796,98.44292334109568,99.53080564551642,98.66964123565522
2026-04-21 06:00:00,19.79377777777778,19.531925925925922,19.804786476799578,19.517367894623018,1.3228998263577363,0.055616967844089704,1.3964483498702538,98.67710017364226,99.94438303215591,98.60355165012975
2026-04-21 06:30:00,19.777166666666666,19.665796296296296,19.863503593615587,19.684731588469614,0.5631260141933201,0.4365485127575764,0.46738281451026403,99.43687398580668,99.56345148724242,99.53261718548974
2026-04-21 07:00:00,19.622222222222224,19.750962962962962,19.767316667220683,19.762137742943235,0.6560966402415896,0.739439413921935,0.7130462550900922,99.34390335975841,99.26056058607807,99.28695374490991
2026-04-21 07:30:00,19.558050139275768,19.731055555555557,19.5608075061605,19.78188645691342,0.8845739480561304,0.014098373125631346,1.1444715400752128,99.11542605194387,99.98590162687437,98.85552845992478
2026-04-21 08:00:00,19.523972222222223,19.652479676054885,19.591238214277038,19.65951504664951,0.6582034248460655,0.34453025895136197,0.6942379495552211,99.34179657515394,99.65546974104863,99.30576205044478
2026-04-21 08:30:00,19.553444444444448,19.568081527906738,19.519161064919114,19.648159599939984,0.07485680338252981,0.17533166405919215,0.48439115555646284,99.92514319661747,99.82466833594081,99.51560884444353
2026-04-21 09:00:00,19.652277777777776,19.545155601980813,19.580813705647593,19.6146295422713,0.5450878366786255,0.363642692914675,0.1915718673030811,99.45491216332138,99.63635730708532,99.80842813269692
2026-04-21 09:30:00,19.683666666666667,19.576564814814816,19.715264199520206,19.608450833532547,0.5441153503845052,0.160526660955134,0.3821230790373742,99.4558846496155,99.83947333904487,99.61787692096263
2026-04-21 10:00:00,19.87123611111111,19.629796296296295,19.68226940484726,19.64354478475783,1.2150216195147119,0.9509559707671447,1.1458337321348906,98.78497838048528,99.04904402923286,98.85416626786511
2026-04-21 10:30:00,20.091076851851856,19.73572685185185,20.001442712535912,19.717953462706674,1.7686956384682349,0.44613904957355244,1.8571597326341898,98.23130436153177,99.55386095042645,98.14284026736581
2026-04-21 11:00:00,20.211291203703702,19.881993209876544,20.171772039284466,19.86925881846746,1.6292773702989063,0.1955301322460487,1.6922836932534209,98.37072262970109,99.80446986775395,98.30771630674658
2026-04-21 11:30:00,20.103481481481484,20.057868055555556,20.211353234791854,20.050324271096127,0.2268931675737155,0.5365824492127744,0.26441793395001745,99.77310683242628,99.46341755078723,99.73558206604999
2026-04-21 12:00:00,20.105037037037036,20.135283179012347,19.998919496108822,20.02950487915675,0.15044061803812028,0.52781569480686,0.37568773308470943,99.84955938196188,99.47218430519314,99.6243122669153
2026-04-21 12:30:00,20.107166666666668,20.139936574074074,20.14292597355354,20.06854633103477,0.1629762559323267,0.17784358920222698,0.1920724897353212,99.83702374406768,99.82215641079777,99.80792751026468
2026-04-21 13:00:00,20.376175925925928,20.10522839506173,20.06847634763998,20.03076580614514,1.3297270883858747,1.5100948254693969,1.695166556455275,98.67027291161412,98.4899051745306,98.30483344354472
2026-04-21 13:30:00,20.5069622012229,20.19612654320988,20.49037974594168,20.14863251034419,1.515756721853647,0.08086256325294004,1.7473562752134173,98.48424327814635,99.91913743674706,98.25264372478658
2026-04-21 14:00:00,20.50374074074074,20.330101597938498,20.454182513083648,20.23902765576045,0.8468656768431599,0.24170334712933136,1.2910477572236734,99.15313432315683,99.75829665287067,98.70895224277632
2026-04-21 14:30:00,20.520483796296297,20.46229295596319,20.41717236671009,20.31192133437263,0.2835744074591969,0.5034551359108443,1.016362304095916,99.7164255925408,99.49654486408916,98.98363769590408
2026-04-21 15:00:00,20.781790740740743,20.51039557941998,20.516265563903712,20.41509113534292,1.305927697504511,1.2776818906009553,1.7645236157582085,98.69407230249548,98.72231810939904,98.23547638424179
2026-04-21 15:30:00,20.930844907407405,20.60200509259259,20.897230338140563,20.46687683645807,1.5710775951449394,0.1605982434801069,2.216671486515754,98.42892240485506,99.83940175651989,97.78332851348425
2026-04-21 16:00:00,21.035888888888888,20.744373148148146,20.86844204919776,20.573969243780464,1.3858018659469153,0.7960055340450687,2.1958646366135186,98.61419813405308,99.20399446595493,97.80413536338648
2026-04-21 16:30:00,20.93085836114201,20.916174845679013,21.00753973685946,20.755365952465265,0.07015247635643138,0.3663556190309297,0.8384386614671588,99.92984752364357,99.63364438096907,99.16156133853283
2026-04-21 17:00:00,20.91211799726419,20.965864052479436,20.803978978702286,20.863853648708925,0.2570091428437678,0.5171117462901211,0.23079607986899478,99.74299085715623,99.48288825370987,99.769203920131
2026-04-21 17:30:00,20.83111111111111,20.959621749098364,20.877607803490907,20.92933428285519,0.616916866804614,0.22320793226913607,0.47152152000038944,99.38308313319538,99.77679206773087,99.5284784799996
2026-04-21 18:00:00,20.816257936507938,20.891362489839107,20.723582317321775,20.881261948284173,0.3607975725524096,0.4452078729464017,0.31227520323059565,99.63920242744759,99.5547921270536,99.6877247967694
2026-04-21 18:30:00,20.716696638264803,20.853162348294415,20.741050590071456,20.820251305576825,0.6587233110203111,0.11755711941868992,0.49986090504772257,99.34127668897969,99.88244288058131,99.50013909495227
2026-04-21 19:00:00,20.444666666666667,20.78802189529462,20.601733460146846,20.72485168161988,1.6794366678903359,0.7682531392711044,1.3704552855832737,98.32056333210966,99.23174686072889,98.62954471441672
2026-04-21 19:30:00,20.10981481481482,20.659207080479803,20.22362430049669,20.680665244317716,2.7319608396405983,0.565939998602226,2.83866576972332,97.26803916035941,99.43406000139777,97.16133423027668
2026-04-21 20:00:00,20.035500000000003,20.42372603991543,19.92016220321885,20.361397720896534,1.9376907984099567,0.575667174670717,1.6266013870206943,98.06230920159004,99.42433282532929,98.3733986129793
2026-04-21 20:30:00,20.005888888888887,20.196660493827164,20.03315533692876,20.038657515019175,0.9535772491680192,0.13629210974483677,0.16379490215247275,99.04642275083198,99.86370789025516,99.83620509784753
2026-04-21 21:00:00,19.887111111111114,20.050401234567904,19.9323958479113,20.152613630370958,0.8210851870061604,0.227708974657896,1.335048201704394,99.17891481299384,99.7722910253421,98.6649517982956
2026-04-21 21:30:00,19.801222222222226,19.976166666666668,19.750606549897658,19.836568203637995,0.8835032629859992,0.25561892976365813,0.1785040388875689,99.116496737014,99.74438107023634,99.82149596111243
2026-04-21 22:00:00,19.778407407407407,19.898074074074074,19.78061773433736,19.845840366477766,0.6050369183003567,0.011175454547081314,0.340942309870229,99.39496308169964,99.98882454545291,99.65905769012977
2026-04-21 22:30:00,19.585388888888886,19.822246913580248,19.786703622312224,19.796559500936002,1.2093608456543596,1.02788223693402,1.0782048456894147,98.79063915434564,98.97211776306598,98.92179515431059
2026-04-21 23:00:00,19.356666666666666,19.721672839506173,19.452221568660534,19.60766866221196,1.8856871336637198,0.4936537041184844,1.2967211755396661,98.11431286633628,99.50634629588151,98.70327882446034
2026-04-21 23:30:00,19.281333333333333,19.573487654320985,19.272727866742205,19.59196566031542,1.5152184547454488,0.04463107629725317,1.6110521072993969,98.48478154525455,99.95536892370275,98.3889478927006
2026-04-22 00:00:00,19.178166666666666,19.407796296296297,19.32277701768106,19.390581261242428,1.19734922331626,0.7540363660815309,1.1075855073517378,98.80265077668373,99.24596363391846,98.89241449264826
2026-04-22 00:30:00,18.97561111111111,19.272055555555553,19.124423828173654,19.412465844867956,1.5622392486261538,0.7842314863599156,2.3021905919069288,98.43776075137384,99.21576851364009,97.69780940809306
2026-04-22 01:00:00,18.816444444444443,19.14503703703704,18.87889594192708,19.222030764357083,1.7463054381116772,0.33189850328538756,2.155488626505043,98.25369456188832,99.66810149671461,97.84451137349495
2026-04-22 01:30:00,18.741944444444446,18.990074074074073,18.816277559868766,19.1781276693609,1.323926822881916,0.39661367925116314,2.3273104143991317,98.67607317711808,99.60338632074884,97.67268958560086
2026-04-22 02:00:00,18.744277777777775,18.844666666666665,18.772858025327004,19.03018837627437,0.5355708556981905,0.15247451989381086,1.5253220310016757,99.4644291443018,99.84752548010619,98.47467796899832
2026-04-22 02:30:00,18.690944444444444,18.767555555555553,18.79040712671432,18.935268494015766,0.409883574042085,0.5321436943195266,1.3071787265621186,99.59011642595792,99.46785630568047,98.69282127343789
2026-04-22 03:00:00,18.766166666666667,18.72572222222222,18.69400129445949,18.899614313334226,0.2155178793988108,0.38455041718967886,0.7111076494092681,99.78448212060118,99.61544958281033,99.28889235059073
2026-04-22 03:30:00,18.70138888888889,18.733796296296294,18.895806578575137,18.855779458212353,0.1732887733630259,1.0395895772305832,0.825556701915293,99.82671122663697,98.96041042276941,99.17444329808471
2026-04-22 04:00:00,18.921499999999998,18.7195,18.701813456020332,18.87019791089702,1.067568638849976,1.1610419046041067,0.27113119521696993,98.93243136115002,98.8389580953959,99.72886880478303
2026-04-22 04:30:00,19.49727777777778,18.796351851851853,19.140341589518055,18.98721952431152,3.5949937930556306,1.8306975585409426,2.616048554468474,96.40500620694436,98.16930244145905,97.38395144553152
2026-04-22 05:00:00,19.735,19.040055555555554,19.897927744400675,19.225931379344726,3.5213805140331655,0.8255776255418092,2.5795217666849455,96.47861948596683,99.17442237445819,97.42047823331505
2026-04-22 05:30:00,20.05027777777778,19.384592592592593,19.764053822906913,19.561123824089762,3.320079614672379,1.4275311197338902,2.439636792614209,96.67992038532762,98.57246888026611,97.56036320738579
2026-04-22 06:00:00,20.100555555555555,19.760851851851854,20.304613559995744,19.87973383954167,1.6900214661470465,1.0151858931271642,1.0985851381249567,98.30997853385296,98.98481410687283,98.90141486187504
2026-04-22 06:30:00,20.102555555555558,19.961944444444445,20.166909938919616,20.25874299571249,0.6994688348081874,0.3201303594769745,0.7769531576484884,99.30053116519181,99.67986964052302,99.22304684235151
2026-04-22 07:00:00,20.066833333333335,20.084462962962963,20.146610693489485,20.22247504071063,0.08785456746851547,0.3975582934833608,0.7756166844658875,99.91214543253149,99.60244170651664,99.22438331553411
2026-04-22 07:30:00,20.000722222222223,20.089981481481484,20.076053203915727,20.228646973768868,0.4462801806231177,0.3766413075314166,1.1395826061391152,99.55371981937688,99.62335869246859,98.86041739386089
2026-04-22 08:00:00,19.996833333333335,20.056703703703704,19.957636159858094,20.029934557315375,0.29939925673416184,0.1960169033859077,0.16553232919565744,99.70060074326584,99.80398309661409,99.83446767080434
2026-04-22 08:30:00,20.000222222222224,20.021462962962964,19.990721356091967,20.028588078320023,0.1062025236756614,0.04750380283125088,0.14182770462561395,99.89379747632434,99.95249619716876,99.85817229537439
2026-04-22 09:00:00,20.046833333333336,19.99925925925926,19.978064288112282,19.99498888971408,0.23731465854494385,0.34304193623790885,0.25861662416801984,99.76268534145505,99.65695806376209,99.74138337583199
2026-04-22 09:30:00,20.00483333333333,20.014629629629635,20.048835913031457,19.926909546911713,0.048969647150127985,0.2199597415530916,0.38952479694882636,99.95103035284987,99.7800402584469,99.61047520305118
2026-04-22 10:00:00,20.100333333333335,20.017296296296298,19.950543241716616,19.987383080280487,0.41311273629145845,0.7452119779939915,0.5619322385342581,99.58688726370855,99.25478802200601,99.43806776146575
2026-04-22 10:30:00,20.10022222222222,20.050666666666668,20.153930895319334,20.040316107538008,0.246542326784657,0.26720437467469305,0.2980370765154201,99.75345767321534,99.73279562532531,99.70196292348459
2026-04-22 11:00:00,20.101333333333333,20.06846296296296,20.06388184345508,20.005077483918928,0.16352333362814236,0.18631346118791942,0.4788530582435898,99.83647666637185,99.81368653881208,99.52114694175641
2026-04-22 11:30:00,20.100111111111115,20.100629629629626,20.079517432241865,20.15826537422339,0.0025796798616930334,0.10245554741170808,0.28932309274712464,99.9974203201383,99.89754445258829,99.71067690725287
2026-04-22 12:00:00,20.12038888888889,20.10055555555556,20.091112000784502,20.142903292026784,0.09857331010278592,0.14550855982985142,0.11189844919114382,99.90142668989722,99.85449144017015,99.88810155080886
2026-04-22 12:30:00,20.1025,20.107277777777778,20.11148734035661,20.051345656894974,0.023767082590617484,0.04470757545883169,0.2544675692328101,99.97623291740938,99.95529242454117,99.74553243076718
2026-04-22 13:00:00,20.115277777777777,20.107666666666667,20.065001912909093,20.053744540181423,0.03783746461368121,0.24993870541636878,0.30590299709573204,99.96216253538631,99.75006129458363,99.69409700290427
2026-04-22 13:30:00,20.160944444444446,20.11272222222222,20.105685941305534,20.129650353322425,0.23918632559653533,0.2740868776816612,0.15522135487380095,99.76081367440347,99.72591312231833,99.8447786451262
2026-04-22 14:00:00,20.291611111111113,20.12624074074074,20.165336581660068,20.110441807554825,0.8149691489002556,0.6222991794964021,0.8928285810537984,99.18503085109974,99.37770082050359,99.10717141894621
2026-04-22 14:30:00,20.42527777777778,20.18927777777778,20.333590105922784,20.17900861798392,1.155431042689481,0.44889314531011704,1.2057077630630466,98.84456895731051,99.55110685468988,98.79429223693695
2026-04-22 15:00:00,20.38738888888889,20.292611111111114,20.450735260108058,20.285302989578906,0.4648843375398063,0.3107135080632721,0.5007306225743323,99.5351156624602,99.68928649193673,99.49926937742566
2026-04-22 15:30:00,20.45947033501778,20.368092592592593,20.309115829371972,20.38229058897164,0.44662809412415894,0.7348895312723027,0.377232375923452,99.55337190587584,99.2651104687277,99.62276762407654
2026-04-22 16:00:00,20.505222222222223,20.424045667228153,20.496847490218045,20.361941961861316,0.3958823470154625,0.04084194705825745,0.6987500979415336,99.60411765298454,99.95915805294175,99.30124990205847
2026-04-22 16:30:00,20.500333333333334,20.450693815376297,20.491617371504873,20.363989018254806,0.24214005279769285,0.04251619564784754,0.6650834055309408,99.7578599472023,99.95748380435215,99.33491659446906
2026-04-22 17:00:00,20.500722222222223,20.488341963524444,20.439472043592076,20.44108371543553,0.06038937830374719,0.2987708333697286,0.2909092964639437,99.93961062169625,99.70122916663027,99.70909070353606
2026-04-22 17:30:00,20.50188888888889,20.502092592592593,20.46812315954644,20.459951341503192,0.0009935850535925418,0.16469569962769626,0.20455455403635978,99.99900641494641,99.8353043003723,99.79544544596364
2026-04-22 18:00:00,20.50155555555556,20.500981481481478,20.462967320029737,20.368447123650046,0.0028001488595578083,0.18822101289462922,0.6492601575759076,99.99719985114044,99.81177898710537,99.35073984242409
2026-04-22 18:30:00,20.50186111111111,20.501388888888886,20.455076233196117,20.478606696814296,0.002303313926797348,0.228198199477799,0.11342586983097017,99.9976966860732,99.7718018005222,99.88657413016902
2026-04-22 19:00:00,20.161930555555553,20.50176851851852,20.457634544224664,20.38610475047098,1.6855427709492137,1.466645209665353,1.111868698772286,98.31445722905079,98.53335479033464,98.88813130122772
2026-04-22 19:30:00,20.101361111111114,20.388449074074074,19.913279065935022,20.314410791867306,1.4282016097122472,0.9356682074236687,1.0598768888263415,98.57179839028775,99.06433179257633,98.94012311117366
2026-04-22 20:00:00,20.102722222222223,20.25505092592593,20.103200876809574,19.927710666255816,0.7577516219933463,0.0023810436320988687,0.8705863515984072,99.24224837800665,99.9976189563679,99.1294136484016
2026-04-22 20:30:00,20.383421296296294,20.12200462962963,20.077307320472435,19.956706460061998,1.2824965096225796,1.5017791732513541,2.0934406939419508,98.71750349037742,98.49822082674865,97.90655930605804
2026-04-22 21:00:00,20.816944444444445,20.195834876543213,20.465249724301046,20.13394736786683,2.983673082083821,1.689463701466804,3.2809669949419007,97.01632691791617,98.3105362985332,96.7190330050581
2026-04-22 21:30:00,20.960895833333332,20.43436265432099,20.985343655466455,20.514280629303716,2.5119784154216216,0.11663538775973659,2.1307066624479876,97.48802158457838,99.88336461224026,97.86929333755201
2026-04-22 22:00:00,21.095419238906764,20.720420524691356,20.91585009265046,20.902658784611354,1.7776310106404027,0.8512234064783226,0.9137550295274413,98.2223689893596,99.14877659352167,99.08624497047256
2026-04-22 22:30:00,21.110055555555554,20.95775317222818,21.133129653000566,21.121799331174707,0.7214684154978097,0.10930382150955069,0.055631192387181824,99.27853158450219,99.89069617849044,99.94436880761282
2026-04-22 23:00:00,21.110111111111113,21.055456875931885,21.078842897840055,21.288868105543987,0.2589007461474778,0.1481196053705312,0.8467837686500221,99.74109925385252,99.85188039462948,99.15321623134997
2026-04-22 23:30:00,21.254611111111114,21.10519530185781,21.060630444543154,21.214739568306342,0.7029806778031171,0.9126521560611096,0.1875900838473973,99.29701932219689,99.08734784393889,99.8124099161526
2026-04-23 00:00:00,21.308888888888887,21.158259259259264,21.29210565966383,21.002567496803074,0.706886362846288,0.07876163469888849,1.4375286936971108,99.29311363715371,99.92123836530111,98.56247130630288
2026-04-23 00:30:00,21.353444444444442,21.224537037037038,21.247488419562462,21.11270359394616,0.6036843739321959,0.49620109372821447,1.1274099179859216,99.3963156260678,99.50379890627178,98.87259008201409
2026-04-23 01:00:00,21.40974074074074,21.305648148148148,21.302971652100563,21.140987002823085,0.48619268142054045,0.4986939820200912,1.2552872132927926,99.51380731857945,99.50130601797991,98.74471278670721
2026-04-23 01:30:00,21.409583333333334,21.357358024691354,21.38085742855416,21.393914672750014,0.24393425985394157,0.1341731145904543,0.07318526633315794,99.75606574014606,99.86582688540955,99.92681473366684
2026-04-23 02:00:00,21.36318751170285,21.39092283950617,21.339468477134584,21.441892203595902,0.1298276663448598,0.11102760089182807,0.36841268115975956,99.87017233365513,99.88897239910817,99.63158731884025
2026-04-23 03:00:00,20.701211072664357,21.39417052859231,21.272708144624694,21.314283871088865,3.3474343771268256,2.7606939031455537,2.9615310730977535,96.65256562287317,97.23930609685445,97.03846892690224
2026-04-23 03:30:00,20.57611111111111,21.157993972566846,20.22394522992117,20.778920025699666,2.827953534628409,1.7115278941110024,0.9856523105526889,97.1720464653716,98.288472105889,99.0143476894473
2026-04-23 04:00:00,20.229666666666667,20.880169898492774,20.54696189285635,20.576972945797223,3.2155904619919946,1.5684649253885303,1.716816618154311,96.784409538008,98.43153507461147,98.28318338184569
2026-04-23 04:30:00,20.101111111111113,20.502329616814045,20.02507149160751,20.086625039264007,1.996001631378248,0.37828565338147885,0.07206602544024784,98.00399836862175,99.62171434661852,99.92793397455975
2026-04-23 05:00:00,20.097722222222224,20.302296296296294,19.946119727448096,19.8205603357995,1.0178968134402373,0.7543267495582148,1.3790711373066182,98.98210318655977,99.24567325044178,98.62092886269338
2026-04-23 05:30:00,19.231,20.142833333333336,20.053588910466612,19.879073258382853,4.741476435616108,4.277411005494307,3.3699405043047745,95.25852356438389,95.7225889945057,96.63005949569522
2026-04-23 06:00:00,19.58233333333333,19.809944444444447,18.776580248713817,19.544604258781227,1.1623288565090115,4.114693948386374,0.19266894250993444,98.837671143491,95.88530605161363,99.80733105749006
2026-04-23 06:30:00,19.665444444444447,19.63701851851852,19.60699407001905,19.467406702914722,0.1445475895865498,0.2972237652218958,1.0070341511435832,99.85545241041345,99.7027762347781,98.99296584885641
2026-04-23 07:00:00,19.70061111111111,19.492925925925928,19.641963069495915,19.56004237573014,1.05420681629541,0.2976965601951253,0.7135247459490728,98.9457931837046,99.70230343980488,99.28647525405093
2026-04-23 07:30:00,19.700555555555557,19.64946296296296,19.820163282588297,19.587041693115676,0.2593459481308278,0.6071287009924481,0.5761962505055838,99.74065405186917,99.39287129900755,99.42380374949441
2026-04-23 08:00:00,19.608500000000003,19.68887037037037,19.516270099485915,19.716039953853794,0.409875158071079,0.470356735671203,0.5484353920687026,99.59012484192893,99.5296432643288,99.4515646079313
2026-04-23 08:30:00,19.5525,19.66988888888889,19.678108337353176,19.761395937553157,0.6003778999559811,0.6424157389243217,1.0683847976123704,99.39962210004401,99.35758426107567,98.93161520238763
2026-04-23 09:00:00,19.43733333333333,19.62051851851852,19.575248252680904,19.625687971949578,0.9424399018307794,0.7095362156035085,0.9690353886828431,99.05756009816922,99.2904637843965,99.03096461131716
2026-04-23 09:30:00,19.400791666666663,19.532777777777778,19.43475535504862,19.522500776544764,0.6803130170089167,0.17506341475904988,0.6273409455100439,99.31968698299109,99.82493658524095,99.37265905448996
2026-04-23 10:00:00,19.401722222222222,19.463541666666664,19.42389459988534,19.45719044265482,0.3186286440779758,0.1142804613382327,0.28589328203589043,99.68137135592202,99.88571953866176,99.71410671796411
2026-04-23 10:30:00,19.287944444444445,19.413282407407404,19.42257149238565,19.445166797443118,0.6498254042776476,0.6979854609648765,0.8151327553411638,99.35017459572235,99.30201453903513,99.18486724465883
2026-04-23 11:00:00,19.200444444444443,19.36348611111111,19.28686388239748,19.311905736169603,0.8491556908404984,0.4500908205697384,0.580514123241614,99.1508443091595,99.54990917943026,99.41948587675839
2026-04-23 11:30:00,19.20111111111111,19.296703703703702,19.196393735493636,19.296863595158687,0.49784927569777565,0.02456824290102937,0.4986819955026832,99.50215072430223,99.97543175709897,99.50131800449732
2026-04-23 12:00:00,19.12472222222222,19.229833333333335,19.242682645998194,19.331248694648345,0.549608563668333,0.6167954880877011,1.0798926647214107,99.45039143633167,99.3832045119123,98.92010733527859
2026-04-23 12:30:00,19.0395,19.175425925925925,19.157660061254045,19.25718822471356,0.7139154175578385,0.6206048544029255,1.1433505329108367,99.28608458244216,99.37939514559707,98.85664946708917
2026-04-23 13:00:00,19.000666666666664,19.12177777777778,19.049825389915497,19.176214549894407,0.6374045355133987,0.2587210444308982,0.9239038098369003,99.3625954644866,99.7412789555691,99.0760961901631
2026-04-23 13:30:00,19.000888888888888,19.05496296296296,19.030343052849837,19.129571299893435,0.284587075848298,0.1550146634359458,0.6772441634548824,99.7154129241517,99.84498533656405,99.32275583654511
2026-04-23 14:00:00,19.000555555555554,19.013685185185185,19.06665202973707,19.14535691916501,0.06910129333451151,0.34786600838200865,0.7620901567118555,99.93089870666549,99.65213399161799,99.23790984328815
2026-04-23 14:30:00,18.90361111111111,19.000703703703703,19.054518467286904,19.144807254306144,0.5136192869283215,0.7982990936958763,1.2759262861330423,99.48638071307168,99.20170090630413,98.72407371386696
2026-04-23 15:00:00,18.89494444444444,18.968351851851853,18.923665360083415,19.08395706044413,0.3885029015208127,0.1520031758940625,1.0003343304630063,99.61149709847919,99.84799682410593,98.999665669537
2026-04-23 15:30:00,18.8345,18.933037037037035,18.951705196052387,19.04422044950337,0.5231730974384076,0.6222899256810044,1.1134909315531192,99.4768269025616,99.377710074319,98.88650906844688
2026-04-23 16:00:00,18.564722222222223,18.877685185185182,18.881696726126957,19.026398229116502,1.6857939441094298,1.7074023522167876,2.4868457570652316,98.31420605589057,98.29259764778321,97.51315424293477
2026-04-23 16:30:00,18.094722222222224,18.764722222222222,18.544369373256636,18.909594879756096,3.702737139435982,2.484962993696572,4.503372019345633,96.29726286056402,97.51503700630343,95.49662798065437
2026-04-23 17:00:00,17.89922222222222,18.49798148148148,17.9689241284815,18.564476942475746,3.3451691466006253,0.38941304484584355,3.716668311026381,96.65483085339937,99.61058695515416,96.28333168897362
2026-04-23 17:30:00,17.574666666666666,18.186222222222224,17.892596922396734,18.273363492029684,3.4797562147535737,1.8090258083419433,3.9755907671820356,96.52024378524642,98.19097419165806,96.02440923281796
2026-04-23 18:00:00,17.3155,17.856203703703702,17.514770595668477,18.354480547818874,3.1226571782720804,1.1508220707948174,6.000291922375175,96.87734282172792,98.84917792920518,93.99970807762483
2026-04-23 18:30:00,17.686592592592593,17.596462962962963,17.2537353795868,17.984312348657735,0.5095929538591684,2.44737481648715,1.6833075930625063,99.49040704614083,97.55262518351284,98.31669240693749
2026-04-23 19:00:00,18.224666666666668,17.525586419753086,17.850795963898175,18.045892638636683,3.835901417018591,2.0514542713272803,0.9809453928557502,96.16409858298141,97.94854572867271,99.01905460714426
2026-04-23 19:30:00,18.12938888888889,17.74225308641975,18.548355159445638,17.979724293249348,2.1354045899826555,2.310978451201536,0.825535800223629,97.86459541001734,97.68902154879846,99.17446419977637
2026-04-23 20:00:00,18.111222222222224,18.01354938271605,18.167791919876507,18.14133771071252,0.539294578288211,0.31234610762421205,0.16628081816225723,99.4607054217118,99.68765389237579,99.83371918183774
2026-04-23 20:30:00,18.108,18.155092592592595,18.17794730134272,18.288675829040784,0.2600651236613358,0.38627844788335963,0.9977679977953584,99.73993487633867,99.61372155211664,99.00223200220464
2026-04-23 21:00:00,18.10488888888889,18.116203703703704,18.219021217861783,18.308907675145125,0.062495908614813064,0.6303950809824463,1.1268712418414384,99.9375040913852,99.36960491901755,98.87312875815856
2026-04-23 21:30:00,18.031722222222225,18.10803703703704,18.259306796683745,18.355752475545362,0.4232253240944708,1.262134429849668,1.7970011368287582,99.57677467590553,98.73786557015033,98.20299886317125
2026-04-23 22:00:00,18.01033333333333,18.081537037037037,18.06041523850949,18.313245837930175,0.3953491719774148,0.2780731719355004,1.68188172306737,99.60465082802259,99.7219268280645,98.31811827693264
2026-04-23 22:30:00,18.009944444444447,18.04898148148148,18.067986849095128,18.228736252518715,0.21675267881836935,0.3222797539977185,1.214838883868736,99.78324732118163,99.67772024600228,98.78516111613126
2026-04-23 23:00:00,18.01011111111111,18.017333333333337,18.071372029359065,18.257009809186336,0.040100930958551766,0.34014736427783027,1.3708893662677244,99.95989906904146,99.65985263572217,98.62911063373228
2026-04-23 23:30:00,18.006222222222224,18.01012962962963,18.07534723330345,18.196322690107202,0.021700317585689657,0.38389513484908694,1.0557487602833602,99.97829968241432,99.61610486515092,98.94425123971664
2026-04-24 00:00:00,17.944560606060605,18.00875925925926,18.059037835389415,18.17756225764779,0.3577610765067877,0.6379494702709277,1.2984528108673214,99.64223892349321,99.36205052972907,98.70154718913268
2026-04-24 00:30:00,17.91012222222222,17.986964646464646,17.976728402685467,18.087803157886974,0.42904466697096016,0.371891267054581,0.9920699225842988,99.57095533302903,99.62810873294542,99.00793007741571
2026-04-24 01:00:00,17.84761111111111,17.953635016835015,17.95490370316778,18.120739322889182,0.5940509632569232,0.6011594010465308,1.530334844689859,99.40594903674308,99.39884059895347,98.46966515531014
2026-04-24 01:30:00,17.768555555555558,17.900764646464648,17.875924166870636,18.045605286523422,0.7440621185876464,0.6042618995076822,1.5592135787382047,99.25593788141235,99.39573810049232,98.44078642126179
2026-04-24 02:00:00,17.708444444444446,17.842096296296297,17.79271238986045,18.07403112150839,0.754735133688049,0.47586305889472075,2.064476516900602,99.24526486631196,99.52413694110528,97.9355234830994
2026-04-24 02:30:00,17.710777777777775,17.774870370370373,17.73074229525974,17.846951571571605,0.3618846862446466,0.11272524409976245,0.7688752888350917,99.63811531375535,99.88727475590024,99.23112471116491
2026-04-24 03:00:00,17.67533333333333,17.729259259259262,17.761028254302857,17.828523210779384,0.30509142265641975,0.48482775036506576,0.8666873464680702,99.69490857734358,99.51517224963493,99.13331265353193
2026-04-24 03:30:00,17.281277777777778,17.69818518518518,17.706358486135056,17.715329234489964,2.412480215690478,2.4597759136994775,2.511686128153897,97.58751978430952,97.54022408630053,97.4883138718461
2026-04-24 04:00:00,17.601333333333333,17.555796296296293,17.160491875308843,17.577042401373387,0.2587135654706439,2.504591269739926,0.13800620384788795,99.74128643452936,97.49540873026007,99.8619937961521
2026-04-24 04:30:00,18.0215,17.519314814814816,17.773455539436785,17.649447215220583,2.786589269401457,1.3763807705419326,2.064493992061796,97.21341073059854,98.62361922945807,97.9355060079382
2026-04-24 05:00:00,18.21827777777778,17.634703703703703,18.208931586127292,17.777140041694874,3.2032340333832496,0.05130118095952357,2.4214019649046827,96.79676596661675,99.94869881904047,97.57859803509531
2026-04-24 05:30:00,18.388833333333334,17.94703703703704,18.36496353790161,17.94745275673905,2.4025248817468716,0.12980592623272436,2.4002641635464492,97.59747511825313,99.87019407376728,97.59973583645355
2026-04-24 06:00:00,18.552111111111113,18.209537037037038,18.466691208475943,18.208313468046214,1.8465503576512294,0.46043225012818584,1.8531456663117674,98.15344964234878,99.53956774987181,98.14685433368824
2026-04-24 06:30:00,18.61314883298727,18.386407407407408,18.678947629957136,18.367702396459052,1.218178759619756,0.3535070694392821,1.3186722930685708,98.78182124038024,99.64649293056071,98.68132770693143
2026-04-24 07:00:00,18.601333333333333,18.51803109247724,18.708769668380473,18.597236642090813,0.4478294075125018,0.5775733014504701,0.022023642978208198,99.5521705924875,99.42242669854953,99.97797635702179
2026-04-24 07:30:00,18.423111111111112,18.58886442581057,18.646017784619442,18.613411681351288,0.8997031701094776,1.2099295942143746,1.0329448109630301,99.10029682989052,98.79007040578563,98.96705518903697
2026-04-24 08:00:00,18.30227777777778,18.545864425810574,18.39271650567475,18.593143544124235,1.3309089228694446,0.49413919401211776,1.5892326074278003,98.66909107713056,99.50586080598788,98.4107673925722
2026-04-24 08:30:00,18.261555555555557,18.44224074074074,18.30076477607263,18.469734801017026,0.989429321261818,0.2147090941830767,1.139986376451576,99.01057067873818,99.78529090581692,98.86001362354843
2026-04-24 09:00:00,18.105444444444448,18.32898148148148,18.27654307270554,18.4278688572292,1.2346398770985396,0.9450120309727743,1.7808146813191656,98.76536012290146,99.05498796902722,98.21918531868083
2026-04-24 09:30:00,18.1065,18.223092592592593,18.078313179045164,18.268066767937057,0.6439267257205566,0.15567238811938464,0.892313632878009,99.35607327427944,99.84432761188062,99.10768636712199
2026-04-24 10:00:00,18.10260185185185,18.157833333333333,18.137881234524805,18.210878498252068,0.3051024484407546,0.19488570185475762,0.5981275359549518,99.69489755155925,99.80511429814524,99.40187246404504
2026-04-24 10:30:00,18.17125,18.1048487654321,18.119671976638823,18.30450120874191,0.36541919002766415,0.28384411287708394,0.7333078832876683,99.63458080997233,99.71615588712291,99.26669211671233
2026-04-24 11:00:00,18.258555555555557,18.126783950617284,18.23900586588758,18.163384929253272,0.7216978612427976,0.10707139241377309,0.5212385284953526,99.2783021387572,99.89292860758623,99.47876147150465
2026-04-24 11:30:00,18.302444444444447,18.17746913580247,18.31365483876596,18.236008104407954,0.6828339734691227,0.061250803713901264,0.3629916224477811,99.31716602653088,99.9387491962861,99.63700837755222
2026-04-24 12:00:00,18.301666666666666,18.244083333333336,18.354419789391585,18.330875957273776,0.31463436845458514,0.2882421786262772,0.15959907444008606,99.68536563154541,99.71175782137372,99.84040092555992
2026-04-24 12:30:00,18.300222222222224,18.287555555555556,18.33294828743002,18.357083005305796,0.06921591723234169,0.1788287858496987,0.3107108886061766,99.93078408276766,99.8211712141503,99.68928911139382
2026-04-24 13:00:00,18.302444444444447,18.301444444444446,18.333474186764082,18.358573361985663,0.005463751047225627,0.16953878709384146,0.306674431995083,99.99453624895277,99.83046121290616,99.69332556800492
2026-04-24 13:30:00,18.477111111111114,18.301444444444446,18.337263088696492,18.378470417255606,0.9507258229401022,0.7568716861291429,0.533853443118555,99.0492741770599,99.24312831387086,99.46614655688144
2026-04-24 14:00:00,18.49127777777778,18.35992592592593,18.57884512421267,18.44512699810388,0.7103449173734461,0.4735602779172297,0.2495813443966556,99.28965508262655,99.52643972208277,99.75041865560334
2026-04-24 14:30:00,18.574611111111114,18.423611111111114,18.51831825944895,18.500490432892686,0.8129376119733316,0.303063419876878,0.39904296124988425,99.18706238802667,99.69693658012312,99.60095703875011
2026-04-24 15:00:00,18.72238888888889,18.514333333333337,18.64311531751055,18.541445158850816,1.111266071815373,0.42341589980211874,0.9664564234399471,98.88873392818462,99.57658410019788,99.03354357656005
2026-04-24 15:30:00,18.831833333333336,18.596092592592594,18.793915122108494,18.5798659216436,1.2518204498096739,0.20135167168097373,1.3379866273760053,98.74817955019033,99.79864832831903,98.66201337262399
2026-04-24 16:00:00,18.908666666666665,18.709611111111112,18.90890770377002,18.779159694602093,1.0527212683190412,0.0012747440504571233,0.684908007251906,98.94727873168095,99.99872525594954,99.3150919927481
2026-04-24 16:30:00,19.010055555555553,18.820962962962962,18.960293872537594,18.9164120339972,0.9946977379418002,0.2617650583531109,0.49259993630573873,99.0053022620582,99.7382349416469,99.50740006369426
2026-04-24 17:00:00,19.18166666666667,18.91685185185185,19.0698117914158,19.000165207109518,1.3805620721947318,0.5831342875186556,0.9462236139915741,98.61943792780527,99.41686571248134,99.05377638600842
2026-04-24 17:30:00,19.023333333333333,19.03346296296296,19.27055747039962,19.11415282404368,0.05324844732588541,1.2995836888012253,0.47741102528655166,99.94675155267412,98.70041631119878,99.52258897471344
2026-04-24 18:00:00,18.96827777777778,19.071685185185185,18.978448759760457,19.09374331640259,0.5451597062151466,0.05362100925469638,0.6614492896756351,99.45484029378486,99.9463789907453,99.33855071032437
2026-04-24 18:30:00,19.1200113058225,19.05775925925926,18.976056448191073,19.09712316433423,0.3255858250684402,0.7529015298625389,0.11970778218786941,99.67441417493156,99.24709847013746,99.88029221781213
2026-04-24 19:00:00,19.01233333333333,19.037207472311206,19.181502892574247,19.12792038298095,0.13083159516388512,0.8897885192467179,0.6079582533142646,99.86916840483612,99.11021148075328,99.39204174668573
2026-04-24 19:30:00,18.98483333333333,19.033540805644538,18.993631936104965,19.02730623496131,0.25655991525449606,0.04634543067694751,0.2237201711610725,99.7434400847455,99.95365456932305,99.77627982883892
2026-04-24 20:00:00,19.227555555555554,19.039059324163052,18.994124871715822,19.06665740947812,0.9803442296545009,1.2140424359470123,0.8368101998849587,99.0196557703455,98.78595756405299,99.16318980011503
2026-04-24 20:30:00,18.994833333333332,19.074907407407405,19.312446613083114,19.103953976036774,0.42155712908285337,1.6721035356094138,0.5744753891151531,99.57844287091714,98.32789646439059,99.42552461088485
2026-04-24 21:00:00,18.8855,19.06907407407407,18.92443437982586,19.09347214112624,0.9720371399966624,0.20616017487416685,1.1012265554326928,99.02796286000334,99.79383982512583,98.89877344456731
2026-04-24 21:30:00,18.76938888888889,19.035962962962962,18.883997341574684,19.056318790548378,1.4202597412848015,0.6106136612345396,1.5287120073970237,98.5797402587152,99.38938633876546,98.47128799260298
2026-04-24 22:00:00,18.700667037242912,18.883240740740742,18.706821863071614,18.825071858960722,0.9762951403510344,0.032912333107927905,0.6652426967982193,99.02370485964896,99.96708766689207,99.33475730320178
2026-04-24 22:30:00,18.750534722222223,18.7851853087106,18.71939899409634,18.846117841059414,0.18479785777687224,0.1660524811006142,0.5097620961385694,99.81520214222313,99.83394751889938,99.49023790386143
2026-04-24 23:00:00,19.172888888888888,18.740196882784677,18.770716216904873,18.795478318956718,2.2567908707537874,2.0976112380074516,1.9684595895764454,97.74320912924621,97.90238876199255,98.03154041042356
2026-04-24 23:30:00,19.64611111111111,18.874696882784676,19.34266386284833,18.958165152136928,3.9265492491801695,1.544566487212641,3.5016902586136043,96.07345075081983,98.45543351278737,96.4983097413864
2026-04-25 00:00:00,19.893666666666665,19.18984490740741,19.82674132568327,19.298457026792345,3.537918730882137,0.3364153129977496,2.9919554290694834,96.46208126911786,99.66358468700226,97.00804457093052
2026-04-25 00:30:00,20.00122222222222,19.570888888888888,20.000066999660948,19.67991463720578,2.1515351839609806,0.0057757598432644965,1.6064397537639223,97.84846481603901,99.99422424015674,98.39356024623608
2026-04-25 01:00:00,20.093333333333334,19.846999999999998,20.03851066278971,19.887392760530666,1.225945587259469,0.2728400989231359,1.0249199044591948,98.77405441274053,99.72715990107686,98.9750800955408
2026-04-25 01:30:00,20.081611111111112,19.996074074074073,20.127190822453713,20.195909512230646,0.4259470844433956,0.22697238329339875,0.5691694779224798,99.5740529155566,99.7730276167066,99.43083052207751
2026-04-25 02:00:00,19.833111111111112,20.058722222222226,20.077583589155317,20.1278295072571,1.1375477596387773,1.2326481542638272,1.485991756386008,98.86245224036122,98.76735184573617,98.51400824361399
2026-04-25 02:30:00,19.53772222222222,20.002685185185186,19.731491923539906,20.060048238023565,2.3798217503272467,0.9917722194723939,2.6734232878346984,97.62017824967275,99.0082277805276,97.3265767121653
2026-04-25 03:00:00,19.34733333333333,19.817481481481483,19.415968388396653,19.783493995824347,2.430041081362556,0.3547520161089631,2.2543709511613104,97.56995891863744,99.64524798389104,97.7456290488387
2026-04-25 03:30:00,19.15522222222222,19.57272222222222,19.263258036247496,19.343716598743644,2.1795622893669866,0.5640018829953385,0.9840364905960093,97.82043771063302,99.43599811700466,99.01596350940399
2026-04-25 04:00:00,19.157444444444444,19.346759259259258,19.080145390015037,19.18059667256309,0.9882049527212099,0.4034935591413033,0.1208523829250157,99.0117950472788,99.59650644085869,99.87914761707498
2026-04-25 04:30:00,19.424,19.22,19.170610463972643,19.07755523513699,1.0502471169687018,1.304517792562583,1.7835912523836928,98.9497528830313,98.69548220743742,98.21640874761631
2026-04-25 05:00:00,19.705944444444448,19.245555555555555,19.53136008653535,19.24642926937066,2.3362944627537874,0.8859476814282636,2.3318607051251354,97.66370553724622,99.11405231857174,97.66813929487486
2026-04-25 05:30:00,19.927,19.42912962962963,19.825549686646312,19.48492189606914,2.49847127199462,0.5091098176026884,2.2184880008574335,97.50152872800538,99.49089018239731,97.78151199914257
2026-04-25 06:00:00,20.045555555555556,19.68564814814815,20.020067382009067,19.790878477555736,1.7954474068325745,0.12715124545113698,1.2704914927101445,98.20455259316742,99.87284875454887,98.72950850728985
2026-04-25 06:30:00,20.10116666666667,19.892833333333332,20.076472572594316,20.091650492892224,1.0364240881541165,0.12284905887231477,0.047341400289105495,98.96357591184588,99.87715094112768,99.9526585997109
2026-04-25 07:00:00,20.08861111111111,20.024574074074078,20.106874566391117,20.287394256663546,0.31877284438849435,0.09091447476876646,0.9895315532415705,99.68122715561151,99.90908552523123,99.01046844675842
2026-04-25 07:30:00,20.081222222222223,20.078444444444443,20.063839078274032,20.16128298862665,0.01383271270563428,0.08656417301609443,0.39868472903919716,99.98616728729436,99.9134358269839,99.6013152709608
2026-04-25 08:00:00,20.022444444444446,20.090333333333334,20.063590949839437,20.10007021453977,0.3390639393569383,0.20550190816690148,0.38769377191036397,99.66093606064307,99.7944980918331,99.61230622808964
2026-04-25 08:30:00,20.0,20.06409259259259,19.980886981449647,20.074239662127365,0.32046296296295296,0.09556509275176595,0.3711983106368244,99.67953703703705,99.90443490724823,99.62880168936317
2026-04-25 09:00:00,19.899611111111113,20.034555555555556,19.981496272051277,19.905072305816194,0.6781260381972772,0.41149126223096294,0.027443725782317335,99.32187396180272,99.58850873776903,99.97255627421768
2026-04-25 09:30:00,19.800222222222224,19.97401851851852,19.842103501176844,20.032550769710983,0.877749220921571,0.21151923692864003,1.173363333407499,99.12225077907843,99.78848076307136,98.8266366665925
2026-04-25 10:00:00,19.80061111111111,19.899944444444447,19.755477203142743,19.865824975189238,0.5016680181027171,0.2279419948965118,0.3293527846801323,99.49833198189728,99.77205800510349,99.67064721531987
2026-04-25 10:30:00,19.954777777777778,19.83348148148148,19.78943703904741,19.799365377833446,0.6078559112363355,0.8285771987623751,0.7788230050720171,99.39214408876366,99.17142280123763,99.22117699492799
2026-04-25 11:00:00,20.040111111111113,19.85187037037037,20.011973082678512,19.948366841316226,0.9393198455689856,0.14040854502547914,0.45780319922487916,99.06068015443101,99.85959145497452,99.54219680077512
2026-04-25 11:30:00,20.1015,19.931833333333334,20.06568641459578,20.063341467355137,0.8440497806963061,0.17816374601010027,0.1898292796301985,99.15595021930369,99.8218362539899,99.8101707203698
2026-04-25 12:00:00,20.255055555555554,20.032129629629633,20.121063367334067,20.07543583546524,1.1005939989375975,0.6615246640720076,0.8867895701280812,98.8994060010624,99.338475335928,99.11321042987191
2026-04-25 12:30:00,20.555833333333332,20.132222222222225,20.29643726854854,20.238442197770986,2.060782962392381,1.261909748821299,1.5440441183557596,97.93921703760762,98.7380902511787,98.45595588164424
2026-04-25 13:00:00,20.71,20.30412962962963,20.6603699206551,20.561642278635944,1.959779673444564,0.23964306781700112,0.7163579013233087,98.04022032655544,99.760356932183,99.2836420986767
2026-04-25 13:30:00,20.83011111111111,20.506962962962962,20.749014717518346,20.7773843577736,1.5513510534073611,0.38932290452115903,0.253127566416985,98.44864894659264,99.61067709547883,99.74687243358302
2026-04-25 14:00:00,20.90633333333333,20.69864814814815,20.86094032737481,20.965680644468026,0.9934079873013634,0.21712562042691866,0.2838724045410357,99.00659201269863,99.78287437957309,99.71612759545897
2026-04-25 14:30:00,20.984555555555556,20.81548148148148,20.89533403066068,20.957387405662626,0.8057071955918242,0.42517710064749736,0.12946735908227075,99.19429280440818,99.5748228993525,99.87053264091773
2026-04-25 15:00:00,20.966611111111114,20.906999999999996,20.98678793405906,21.04775644346851,0.28431447884072475,0.09623311483682248,0.3870216885665201,99.71568552115927,99.90376688516318,99.61297831143348
2026-04-25 15:30:00,20.925833333333333,20.952499999999997,20.92247634758076,21.14908617924099,0.12743419218667706,0.016042303783560103,1.0668767276858213,99.87256580781332,99.98395769621644,98.93312327231418
2026-04-25 16:00:00,20.909388888888884,20.959,20.878653334278095,20.876727771558144,0.23726715005754434,0.1469940359047123,0.1562031176726344,99.76273284994245,99.85300596409529,99.84379688232737
2026-04-25 16:30:00,20.7525,20.933944444444446,20.86590644860325,20.66286620191402,0.8743257171157438,0.5464712617913504,0.4319180729356968,99.12567428288426,99.45352873820865,99.5680819270643
2026-04-25 17:00:00,20.68155555555556,20.86257407407407,20.653790931708443,20.76737695655889,0.8752654897367595,0.13424823762667795,0.41496588964401776,99.12473451026324,99.86575176237332,99.58503411035598
2026-04-25 17:30:00,20.69126388888889,20.781148148148148,20.629966316246826,20.506457863823133,0.4344068092791792,0.2962485664057551,0.8931596738515207,99.56559319072082,99.70375143359425,99.10684032614849
2026-04-25 18:00:00,20.498555555555555,20.708439814814817,20.65961499189072,20.623452032051706,1.0238977994836256,0.7857111487619651,0.6092940361463712,98.97610220051638,99.21428885123804,99.39070596385363
2026-04-25 18:30:00,20.142611111111112,20.623791666666666,20.395915450238995,20.43855798616564,2.3888688159705564,1.2575546324684528,1.4692577512519132,97.61113118402945,98.74244536753154,98.53074224874808
2026-04-25 19:00:00,20.055777777777777,20.44414351851852,19.976523604284125,20.15514512572465,1.936428220555272,0.39516878563277336,0.49545497087116247,98.06357177944473,99.60483121436722,99.50454502912883
2026-04-25 19:30:00,19.895055555555555,20.232314814814814,19.998563426898524,19.960476220035996,1.6951913419768343,0.5202693254810538,0.328828759978876,98.30480865802316,99.47973067451895,99.67117124002112
2026-04-25 20:00:00,19.7235,20.031148148148148,19.800259821941804,19.69801620209107,1.559805045494697,0.3891795165249709,0.12920525215571815,98.4401949545053,99.61082048347502,99.87079474784429
2026-04-25 20:30:00,19.51,19.891444444444446,19.663250066645865,19.673757088258313,1.9551227290847975,0.7854949597430232,0.8393495041430612,98.04487727091521,99.21450504025698,99.16065049585694
2026-04-25 21:00:00,19.30761111111111,19.70951851851852,19.405038216473965,19.528632791430862,2.08160090388459,0.5046046598006471,1.1447386165373816,97.91839909611541,99.49539534019935,98.85526138346262
2026-04-25 21:30:00,19.150555555555556,19.513703703703708,19.2228068137069,19.359957586256442,1.8962799648013517,0.3772802201050688,1.093451467208944,98.10372003519865,99.62271977989494,98.90654853279105
2026-04-25 22:00:00,19.002,19.32272222222222,19.084788150421087,19.215117629748253,1.6878340291665235,0.4356812462955894,1.121553677235312,98.31216597083348,99.56431875370441,98.87844632276469
2026-04-25 22:30:00,18.922,19.153388888888887,18.94571656906111,18.988426787309074,1.222856404655358,0.12533859560885666,0.3510558466814973,98.77714359534464,99.87466140439115,99.6489441533185
2026-04-25 23:00:00,19.029416666666666,19.02485185185185,18.90129329533337,18.95965735438356,0.023988201502849058,0.6732911133199663,0.3665867089100154,99.97601179849715,99.32670888668004,99.63341329108998
2026-04-25 23:30:00,19.000333333333334,18.984472222222223,19.088575829619174,18.9442501939342,0.08347806763623793,0.4644260431527875,0.29516923948247403,99.91652193236376,99.53557395684722,99.70483076051752
2026-04-26 00:00:00,19.227749999999997,18.98391666666667,18.998744178198482,18.988930380959754,1.2681324301248333,1.1910172630781801,1.2420570219617093,98.73186756987516,98.80898273692182,98.75794297803829
2026-04-26 00:30:00,19.401777777777777,19.08583333333333,19.354065437917583,19.204524568680814,1.6284303843863261,0.24591736080413346,1.0166759528752651,98.37156961561368,99.75408263919587,98.98332404712474
2026-04-26 01:00:00,19.301777777777776,19.209953703703704,19.468463140158274,19.458426693546553,0.4757285838187899,0.8635751809991505,0.8115776565883353,99.52427141618121,99.13642481900085,99.18842234341166
2026-04-26 01:30:00,19.242111111111114,19.310435185185185,19.286132710561176,19.32776499609925,0.3550757693869524,0.22877738932004285,0.44513766963270984,99.64492423061304,99.77122261067996,99.55486233036729
2026-04-26 02:00:00,18.811722222222222,19.31522222222222,19.226239540844684,19.441265137332458,2.6765226173987204,2.203505419258179,3.346545880666676,97.32347738260128,97.79649458074182,96.65345411933332
2026-04-26 02:30:00,18.70622222222222,19.118537037037036,18.61929484715836,19.057510657563807,2.204158647944446,0.46469764996479224,1.8779229240860345,97.79584135205556,99.53530235003521,98.12207707591396
2026-04-26 03:00:00,18.981055555555557,18.920018518518518,18.69918235458237,18.847873959353127,0.32156819128625386,1.485023844686478,0.7016553732358115,99.67843180871374,98.51497615531352,99.29834462676419
2026-04-26 03:30:00,19.04061111111111,18.833,19.088014658622654,18.80261857068649,1.0903594947641262,0.24896022105026136,1.2499207038882314,98.90964050523587,99.75103977894973,98.75007929611176
2026-04-26 04:00:00,19.316777777777776,18.909296296296297,19.099854793179208,18.98055150785656,2.109469219810823,1.122977067366374,1.7405919030036892,97.89053078018918,98.87702293263362,98.25940809699631
2026-04-26 04:30:00,19.7195,19.112814814814815,19.465395907994193,19.18742736122785,3.076574888740511,1.2885929765247968,2.6982055263680587,96.92342511125949,98.7114070234752,97.30179447363194
2026-04-26 05:00:00,19.95111111111111,19.358962962962963,19.865427930518855,19.56819214587852,2.9679958416870855,0.42946570802533857,1.9192864151778333,97.03200415831292,99.57053429197467,98.08071358482216
2026-04-26 05:30:00,20.10077777777778,19.662462962962962,20.066917508533777,19.90699366385407,2.1805863417851987,0.1684525326250603,0.9640627644664815,97.8194136582148,99.83154746737495,99.03593723553352
2026-04-26 06:00:00,20.30738888888889,19.9237962962963,20.163985976056537,20.170632629847088,1.8889311407360363,0.7061612579390553,0.6734310343395692,98.11106885926397,99.29383874206094,99.32656896566043
2026-04-26 06:30:00,20.59038888888889,20.119759259259258,20.371541289872106,20.417444948474568,2.28567625492297,1.0628628735364922,0.8399255659889249,97.71432374507702,98.93713712646351,99.16007443401108
2026-04-26 07:00:00,20.79372222222222,20.332851851851853,20.697146309999706,20.476057442030424,2.216391877534256,0.4644474480826972,1.5276956034947418,97.78360812246575,99.5355525519173,98.47230439650525
2026-04-26 07:30:00,20.748069444444447,20.56383333333333,20.865094587442517,20.889187069736145,0.8879674882736946,0.5640290693619456,0.6801482213540827,99.11203251172631,99.43597093063805,99.31985177864591
2026-04-26 08:00:00,20.769166666666667,20.710726851851852,20.704339307176948,20.824556306004524,0.28137775459526365,0.3121326942489383,0.26669167919363107,99.71862224540473,99.68786730575106,99.73330832080637
2026-04-26 08:30:00,20.7975,20.770319444444443,20.750603528139163,20.878309053160528,0.13069145597094195,0.2254909092960062,0.38855176420497073,99.86930854402905,99.774509090704,99.61144823579502
2026-04-26 09:00:00,20.83844444444444,20.771578703703707,20.76266882328064,20.768497338621707,0.32087683377230675,0.3636337701013069,0.33566375844038854,99.6791231662277,99.6363662298987,99.66433624155961
2026-04-26 09:30:00,20.92222222222222,20.8017037037037,20.83667711028751,20.822703849125794,0.5760311559568106,0.4088720166820985,0.4756587136844598,99.42396884404319,99.5911279833179,99.52434128631555
2026-04-26 10:00:00,21.067611111111113,20.852722222222223,20.923481766846603,20.834130122067755,1.0199964664031453,0.6841276094587466,1.108246150035583,98.98000353359686,99.31587239054126,98.89175384996442
2026-04-26 10:30:00,21.1995,20.942759259259258,21.097404891434657,20.891196276751934,1.2110697928759748,0.48159205908320313,1.4542971449707132,98.78893020712403,99.5184079409168,98.54570285502929
2026-04-26 11:00:00,21.49,21.063111111111112,21.22254512349857,21.158250033407302,1.9864536476914194,1.244555032579938,1.5437411195565192,98.01354635230858,98.75544496742006,98.45625888044349
2026-04-26 11:30:00,21.605833333333333,21.25237037037037,21.58798953550229,21.293449658698503,1.635960795909876,0.08258787132043639,1.4458302524850402,98.36403920409012,99.91741212867956,98.55416974751496
2026-04-26 12:00:00,21.51516666666667,21.43177777777778,21.608103129026286,21.54534858960576,0.38758188667943105,0.43195790113772686,0.14028207825064204,99.61241811332057,99.56804209886228,99.85971792174936
2026-04-26 12:30:00,21.549166666666668,21.537000000000003,21.446658792705396,21.454880526430077,0.056460033257274674,0.47569298408108135,0.43753961206507896,99.94353996674272,99.52430701591892,99.56246038793492
2026-04-26 13:00:00,21.806555555555555,21.556722222222223,21.512060212425293,21.20424331891537,1.145679943340169,1.3504899587648738,2.762069576305626,98.85432005665983,98.64951004123513,97.23793042369438
2026-04-26 13:30:00,22.020166666666668,21.62362962962963,21.86973540264907,21.545503498805893,1.80079035295088,0.6831522499115122,2.155583902002447,98.19920964704912,99.31684775008848,97.84441609799755
2026-04-26 14:00:00,22.111166666666666,21.791962962962966,22.079196027434637,21.852547119087642,1.443631213656899,0.14459046740498455,1.1696332060528545,98.5563687863431,99.85540953259502,98.83036679394715
2026-04-26 14:30:00,22.161222222222225,21.979296296296297,22.117283800116795,21.920759450071387,0.8209200923200927,0.19826714278137172,1.0850609670332787,99.1790799076799,99.80173285721862,98.91493903296671
2026-04-26 15:00:00,22.156388888888888,22.097518518518516,22.132706372416653,22.126482479661707,0.26570381421628736,0.10688797976511047,0.13497871596836888,99.73429618578372,99.8931120202349,99.86502128403163
2026-04-26 15:30:00,22.058722222222226,22.142925925925926,22.103201336028786,22.070465790073083,0.381725209898479,0.20163957530482368,0.05323775208985789,99.61827479010152,99.79836042469518,99.94676224791014
2026-04-26 16:00:00,21.96211111111111,22.125444444444444,21.96928078375602,21.958957426471848,0.7437050678188223,0.032645644167069436,0.014359660705233358,99.25629493218118,99.96735435583292,99.98564033929476
2026-04-26 16:30:00,21.900444444444442,22.059074074074076,21.871782078086508,21.670220092978745,0.7243215087804911,0.130875729169075,1.0512314124478828,99.27567849121951,99.86912427083092,98.94876858755212
2026-04-26 17:00:00,21.83716666666667,21.973759259259257,21.821975247366176,21.424130894564925,0.6255051063977558,0.06956680567759581,1.8914348111480117,99.37449489360225,99.9304331943224,98.10856518885198
2026-04-26 17:30:00,21.7,21.899907407407408,21.764756955003623,21.618057104978302,0.9212322922000403,0.2984191474821372,0.37761702774975753,99.07876770779995,99.70158085251786,99.62238297225024
